2015 rank,City,State,2015 estimate
1,New York,New York,8550405
2,Los Angeles,California,3971883
3,Chicago,Illinois,2720546
4,Houston,Texas,2296224
5,Philadelphia,Pennsylvania,1567442
6,Phoenix,Arizona,1563025
7,San Antonio,Texas,1469845
8,San Diego,California,1394928
9,Dallas,Texas,1300092
10,San Jose,California,1026908
11,Austin,Texas,931830
12,Jacksonville,Florida,868031
13,San Francisco,California,864816
14,Indianapolis,Indiana,853173
15,Columbus,Ohio,850106
16,Fort Worth,Texas,833319
17,Charlotte,North Carolina,827097
18,Seattle,Washington,684451
19,Denver,Colorado,682545
20,El Paso,Texas,681124
21,Detroit,Michigan,677116
22,Washington,District of Columbia,672228
23,Boston,Massachusetts,667137
24,Memphis,Tennessee,655770
25,Nashville,Tennessee,654610
26,Portland,Oregon,632309
27,Oklahoma City,Oklahoma,631346
28,Las Vegas,Nevada,623747
29,Baltimore,Maryland,621849
30,Louisville,Kentucky,615366
31,Milwaukee,Wisconsin,600155
32,Albuquerque,New Mexico,559121
33,Tucson,Arizona,531641
34,Fresno,California,520052
35,Sacramento,California,490712
36,Kansas City,Missouri,475378
37,Long Beach,California,474140
38,Mesa,Arizona,471825
39,Atlanta,Georgia,463878
40,Colorado Springs,Colorado,456568
41,Virginia Beach,Virginia,452745
42,Raleigh,North Carolina,451066
43,Omaha,Nebraska,443885
44,Miami,Florida,441003
45,Oakland,California,419267
46,Minneapolis,Minnesota,410939
47,Tulsa,Oklahoma,403505
48,Wichita,Kansas,389965
49,New Orleans,Louisiana,389617
50,Arlington,Texas,388125
51,Cleveland,Ohio,388072
52,Bakersfield,California,373640
53,Tampa,Florida,369075
54,Aurora,Colorado,359407
55,Honolulu,Hawai'i,352769
56,Anaheim,California,350742
57,Santa Ana,California,335400
58,Corpus Christi,Texas,324074
59,Riverside,California,322424
60,St. Louis,Missouri,315685
61,Lexington,Kentucky,314488
62,Stockton,California,305658
63,Pittsburgh,Pennsylvania,304391
64,Saint Paul,Minnesota,300851
65,Anchorage,Alaska,298695
66,Cincinnati,Ohio,298550
67,Henderson,Nevada,285667
68,Greensboro,North Carolina,285342
69,Plano,Texas,283558
70,Newark,New Jersey,281944
71,Toledo,Ohio,279789
72,Lincoln,Nebraska,277348
73,Orlando,Florida,270934
74,Chula Vista,California,265757
75,Jersey City,New Jersey,264290
76,Chandler,Arizona,260828
77,Fort Wayne,Indiana,260326
78,Buffalo,New York,258071
79,Durham,North Carolina,257636
80,St. Petersburg,Florida,257083
81,Irvine,California,256927
82,Laredo,Texas,255473
83,Lubbock,Texas,249042
84,Madison,Wisconsin,248951
85,Gilbert,Arizona,247542
86,Norfolk,Virginia,246393
87,Reno,Nevada,241445
88,Winston-Salem,North Carolina,241218
89,Glendale,Arizona,240126
90,Hialeah,Florida,237069
91,Garland,Texas,236897
92,Scottsdale,Arizona,236839
93,Irving,Texas,236607
94,Chesapeake,Virginia,235429
95,North Las Vegas,Nevada,234807
96,Fremont,California,232206
97,Baton Rouge,Louisiana,228590
98,Richmond,Virginia,220289
99,Boise,Idaho,218281
100,San Bernardino,California,216108
101,Spokane,Washington,213272
102,Birmingham,Alabama,212461
103,Modesto,California,211266
104,Des Moines,Iowa,210330
105,Rochester,New York,209802
106,Tacoma,Washington,207948
107,Fontana,California,207460
108,Oxnard,California,207254
109,Moreno Valley,California,204198
110,Fayetteville,North Carolina,201963
111,Huntington Beach,California,201899
112,Yonkers,New York,201116
113,Glendale,California,201020
114,Aurora,Illinois,200661
115,Montgomery,Alabama,200602
116,Columbus,Georgia,200579
117,Amarillo,Texas,198645
118,Little Rock,Arkansas,197992
119,Akron,Ohio,197542
120,Shreveport,Louisiana,197204
121,Augusta,Georgia,197182
122,Grand Rapids,Michigan,195097
123,Mobile,Alabama,194288
124,Salt Lake City,Utah,192672
125,Huntsville,Alabama,190582
126,Tallahassee,Florida,189907
127,Grand Prairie,Texas,187809
128,Overland Park,Kansas,186515
129,Knoxville,Tennessee,185291
130,Worcester,Massachusetts,184815
131,Brownsville,Texas,183887
132,Newport News,Virginia,182385
133,Santa Clarita,California,182371
134,Port St. Lucie,Florida,179413
135,Providence,Rhode Island,179207
136,Fort Lauderdale,Florida,178590
137,Chattanooga,Tennessee,176588
138,Tempe,Arizona,175826
139,Oceanside,California,175691
140,Garden Grove,California,175393
141,Rancho Cucamonga,California,175236
142,Cape Coral,Florida,175229
143,Santa Rosa,California,174972
144,Vancouver,Washington,172860
145,Sioux Falls,South Dakota,171544
146,Peoria,Arizona,171237
147,Ontario,California,171214
148,Jackson,Mississippi,170674
149,Elk Grove,California,166913
150,Springfield,Missouri,165378
151,Pembroke Pines,Florida,166611
152,Salem,Oregon,164549
153,Corona,California,164226
154,Eugene,Oregon,163460
155,McKinney,Texas,162898
156,Fort Collins,Colorado,161175
157,Lancaster,California,161103
158,Cary,North Carolina,159769
159,Palmdale,California,158351
160,Hayward,California,158289
161,Salinas,California,157380
162,Frisco,Texas,154407
163,Springfield,Massachusetts,154341
164,Pasadena,Texas,153784
165,Macon,Georgia,153515
166,Alexandria,Virginia,153511
167,Pomona,California,153266
168,Lakewood,Colorado,152597
169,Sunnyvale,California,151754
170,Escondido,California,151451
171,Kansas City,Kansas,151306
172,Hollywood,Florida,149728
173,Clarksville,Tennessee,149176
174,Torrance,California,148475
175,Rockford,Illinois,148278
176,Joliet,Illinois,147861
177,Paterson,New Jersey,147754
178,Bridgeport,Connecticut,147629
179,Naperville,Illinois,147100
180,Savannah,Georgia,145674
181,Mesquite,Texas,144788
182,Syracuse,New York,144142
183,Pasadena,California,142250
184,Orange,California,140992
185,Fullerton,California,140847
186,Killeen,Texas,140806
187,Dayton,Ohio,140599
188,McAllen,Texas,140269
189,Bellevue,Washington,139820
190,Miramar,Florida,137132
191,Hampton,Virginia,136454
192,West Valley City,Utah,136208
193,Warren,Michigan,135358
194,Olathe,Kansas,134305
195,Columbia,South Carolina,133803
196,Thornton,Colorado,133451
197,Carrollton,Texas,133168
198,Midland,Texas,132950
199,Charleston,South Carolina,132609
200,Waco,Texas,132356
201,Sterling Heights,Michigan,132052
202,Denton,Texas,131044
203,Cedar Rapids,Iowa,130405
204,New Haven,Connecticut,130322
205,Roseville,California,130269
206,Gainesville,Florida,130128
207,Visalia,California,130104
208,Coral Springs,Florida,129485
209,Thousand Oaks,California,129339
210,Elizabeth,New Jersey,129007
211,Stamford,Connecticut,128874
212,Concord,California,128667
213,Surprise,Arizona,128422
214,Lafayette,Louisiana,127657
215,Topeka,Kansas,127265
216,Kent,Washington,126952
217,Simi Valley,California,126788
218,Santa Clara,California,126215
219,Murfreesboro,Tennessee,126118
220,Hartford,Connecticut,124006
221,Athens,Georgia,122604
222,Victorville,California,122225
223,Abilene,Texas,121721
224,Vallejo,California,121253
225,Berkeley,California,120972
226,Norman,Oklahoma,120284
227,Allentown,Pennsylvania,120207
228,Evansville,Indiana,119943
229,Columbia,Missouri,119108
230,Odessa,Texas,118968
231,Fargo,North Dakota,118523
232,Beaumont,Texas,118129
233,Independence,Missouri,117255
234,Ann Arbor,Michigan,117070
235,El Monte,California,116732
236,Springfield,Illinois,116565
237,Round Rock,Texas,115997
238,Wilmington,North Carolina,115933
239,Arvada,Colorado,115368
240,Provo,Utah,115264
241,Peoria,Illinois,115070
242,Lansing,Michigan,115056
243,Downey,California,114219
244,Carlsbad,California,113453
245,Costa Mesa,California,113204
246,Miami Gardens,Florida,113187
247,Westminster,Colorado,113130
248,Clearwater,Florida,113003
249,Fairfield,California,112970
250,Rochester,Minnesota,112225
251,Elgin,Illinois,112111
252,Temecula,California,112011
253,West Jordan,Utah,111946
254,Inglewood,California,111666
255,Richardson,Texas,110815
256,Lowell,Massachusetts,110699
257,Gresham,Oregon,110553
258,Antioch,California,110542
259,Cambridge,Massachusetts,110402
260,High Point,North Carolina,110268
261,Billings,Montana,110263
262,Manchester,New Hampshire,110229
263,Murrieta,California,109830
264,Centennial,Colorado,109741
265,Richmond,California,109709
266,Ventura,California,109708
267,Pueblo,Colorado,109412
268,Pearland,Texas,108821
269,Waterbury,Connecticut,108802
270,West Covina,California,108484
271,North Charleston,South Carolina,108304
272,Everett,Washington,108010
273,College Station,Texas,107889
274,Palm Bay,Florida,107888
275,Pompano Beach,Florida,107762
276,Boulder,Colorado,107349
277,Norwalk,California,107140
278,West Palm Beach,Florida,106779
279,Broken Arrow,Oklahoma,106563
280,Daly City,California,106562
281,Sandy Springs,Georgia,105330
282,Burbank,California,105319
283,Green Bay,Wisconsin,105207
284,Santa Maria,California,105093
285,Wichita Falls,Texas,104710
286,Lakeland,Florida,104401
287,Clovis,California,104180
288,Lewisville,Texas,104039
289,Tyler,Texas,103700
290,El Cajon,California,103679
291,San Mateo,California,103536
292,Rialto,California,103132
293,Edison,New Jersey,102701
294,Davenport,Iowa,102582
295,Hillsboro,Oregon,102347
296,Woodbridge,New Jersey,102105
297,Las Cruces,New Mexico,101643
298,South Bend,Indiana,101516
299,Vista,California,100890
300,Greeley,Colorado,100883
301,Davie,Florida,100882
302,San Angelo,Texas,100450
303,Jurupa Valley,California,100314
304,Renton,Washington,100242